rank_by_IPR,province,province_name_english,region,project_count,inheritor_count,IPR,IPR_category
1,上海市,Shanghai,East,393,792,2.015,High
2,海南省,Hainan,East,87,150,1.724,High
3,山西省,Shanxi,Central,895,1427,1.594,High
4,湖北省,Hubei,Central,519,788,1.518,High
5,甘肃省,Gansu,West,493,746,1.513,High
6,广西壮族自治区,Guangxi,West,624,936,1.500,High
7,西藏自治区,Xizang,West,461,657,1.425,Medium
8,河南省,Henan,Central,873,1146,1.313,Medium
9,福建省,Fujian,East,695,912,1.312,Medium
10,新疆维吾尔自治区,Xinjiang,West,453,574,1.267,Medium
11,宁夏回族自治区,Ningxia,West,303,378,1.248,Medium
12,浙江省,Zhejiang,East,1252,1435,1.146,Medium
13,江西省,Jiangxi,Central,538,602,1.119,Medium
14,河北省,Hebei,East,974,1052,1.080,Medium
15,内蒙古自治区,Inner Mongolia,West,830,888,1.070,Medium
16,重庆市,Chongqing,West,755,787,1.042,Medium
17,安徽省,Anhui,Central,778,792,1.018,Medium
18,云南省,Yunnan,West,909,924,1.017,Medium
19,青海省,Qinghai,West,565,570,1.009,Medium
20,黑龙江省,Heilongjiang,Northeast,617,613,0.994,Low
21,湖南省,Hunan,Central,709,699,0.986,Low
22,四川省,Sichuan,West,1083,1046,0.966,Low
23,北京市,Beijing,East,299,280,0.936,Low
24,陕西省,Shaanxi,West,685,593,0.866,Low
25,山东省,Shandong,East,985,831,0.844,Low
26,辽宁省,Liaoning,Northeast,294,220,0.748,Low
27,天津市,Tianjin,East,383,282,0.736,Low
28,江苏省,Jiangsu,East,1166,820,0.703,Low
29,贵州省,Guizhou,West,1020,712,0.698,Low
30,广东省,Guangdong,East,844,494,0.585,Low
31,吉林省,Jilin,Northeast,442,215,0.486,Low
